<?xml version="1.0" encoding="UTF-8"?>
<project-private xmlns="http://www.netbeans.org/ns/project-private/1">
    <editor-bookmarks xmlns="http://www.netbeans.org/ns/editor-bookmarks/2" lastBookmarkId="0"/>
    <open-files xmlns="http://www.netbeans.org/ns/projectui-open-files/2">
        <group>
            <file>file:/C:/Users/David/Documents/NetBeansProjects/Littonet/web/Vista/Css/estilo_home_page.css</file>
            <file>file:/C:/Users/David/Documents/NetBeansProjects/Littonet/web/Vista/homepage.jsp</file>
            <file>file:/C:/Users/David/Documents/NetBeansProjects/Littonet/web/Vista/frm_inicio_sesion.jsp</file>
            <file>file:/C:/Users/David/Documents/NetBeansProjects/Littonet/src/java/Servlet/inicio_sesion1.java</file>
        </group>
    </open-files>
</project-private>
